O,C,H,L,V
111.11369472706244,111.07124344633843,111.19858433419834,111.02243159837748,93290
111.0797285207584,111.08822654949046,111.11369472706244,110.8420168938785,90204
111.0797285207584,111.02879216561443,111.11369472706244,110.96087270731844,84533
111.01180906246242,111.0797285207584,111.10519669833037,110.80806364188655,197437
111.0797285207584,111.04152625440042,111.24103561492235,110.85051492261054,83039
111.02879216561443,110.79956561315448,111.11369472706244,110.79956561315448,65107
110.78259546431457,110.70617797728653,110.96681873656847,110.68070979971453,59109
110.69769290286656,110.8717340858165,110.94813861853245,110.6892078284466,53258
110.8844681746025,111.15613305347435,111.17311615662636,110.86748507145047,57464
111.17311615662636,111.0797285207584,111.21556743735037,110.96937073605051,78205
111.06275837191846,110.87598310018254,111.12642881584843,110.7740974355825,247378
110.71467600601858,111.1221798014824,111.42781088665829,110.71467600601858,82764
111.10944571269641,110.85051492261054,111.31744014763831,110.85051492261054,81661
110.8717340858165,110.64675654772259,110.96087270731844,110.54063482306863,55914
110.62977344457057,110.8420168938785,110.93115551538044,110.62128837015061,38203
110.85899999703051,110.99483891362249,111.07124344633843,110.8420168938785,50597
111.0372772400344,110.98634088489042,111.13066487590237,110.81229970194049,70389
110.98634088489042,110.90145127775452,110.99483891362249,110.61279034141856,231537
110.13736708765875,110.16283526523073,110.96087270731844,110.06096255494279,234430
110.12888201323878,109.67467792268494,110.4939345279786,109.63647565632695,112859
109.66831735544798,109.84023403121492,110.03124536300479,109.58553930118299,87343
109.84023403121492,109.86145319442087,110.07794565809482,109.80703212932427,77015
109.84023403121492,109.87418728320687,110.00154112537886,109.72986329219492,85000
109.85720418005484,109.76381654418687,109.99304309664682,109.73834836661489,120168
109.73411230656096,109.58553930118299,109.85720418005484,109.47093250210906,336672
110.41752999526265,110.59582019257863,110.82503379072648,109.83173600248286,235739
110.56185398627458,109.97605999349479,110.56610300064061,109.65345875947898,119979
109.96757491907483,109.73834836661489,110.16283526523073,109.55157309487895,146960
109.77231457291893,110.19680147153477,110.20953556032076,109.67892693705096,96754
110.22226964910675,110.09755848660141,110.24773782667873,109.80626782491088,111093
110.12039693881881,109.57450222728099,110.12888201323878,109.50063673973499,118590
109.57450222728099,109.56855619803098,109.79778275049091,109.46582850314499,285034
109.00823038282316,109.70439511462294,110.03974339173685,108.4903623254954,127725
109.7128801890429,109.79778275049091,109.89117038635888,109.45989542820706,194942
109.7807996473389,109.09738195863719,109.78929767607094,108.82995313981928,134507
109.06766476669918,108.85542131739126,109.2501910240691,108.82995313981928,111718
108.86390639181123,109.05917969227922,109.07614984111915,108.68562914880734,81767
109.06766476669918,109.48366659089506,109.48366659089506,109.02096447160915,138042
109.475168562163,109.26292511285509,109.7553314697669,109.16953747698712,378470
109.39027895502709,108.87240442054328,109.59827338996898,108.43093441877542,177321
108.90635767253522,108.66864604565532,109.01247939718918,108.58374996136337,114911
108.6941142232273,108.44791104477139,108.77051875594326,108.20170786631547,114006
108.4564025963474,108.56676685821134,108.58374996136337,108.19322279189551,96214
108.58374996136337,108.65166941965934,108.76203368152329,108.54979023221537,71405
108.63468631650733,108.73656550395131,108.73656550395131,108.31207860533547,127963
108.71109732637933,108.9572940276792,109.16105240256715,108.46489414792342,381321
108.8469362429713,108.63044377929735,109.33084457115106,108.60921813893535,131535
108.60072658735933,108.55828178379139,108.77051875594326,108.44791104477139,113753
108.57950094699734,108.02767316052157,108.75354860710333,107.99795596858357,139133
108.02342414615555,108.50733895149136,108.60921813893535,107.9682452538016,103461
108.48187077391938,109.01672841155522,109.036509646119,108.48187077391938,89689
109.0421965891272,109.16105240256715,109.24739289265732,109.00017280070222,125849
109.13558422499517,109.21198875771111,109.27565920164108,108.98276220525118,201496
108.54979023221537,108.43942597035142,108.81297003666725,108.04040724930756,131728
108.41820032998943,108.20170786631547,108.46489414792342,108.08285205287552,106587
108.19322279189551,108.42244286719941,108.51583050306738,108.1762396887435,72900
108.42244286719941,108.55828178379139,108.57525840978735,108.33754678290745,70105
108.54129868063936,108.4988538770714,108.78750185909527,108.44791104477139,63034
108.4903623254954,108.75354860710333,108.81297003666725,108.4903623254954,72285
108.76628269588932,108.86390639181123,108.9224857910892,108.71533338643326,194737
108.66864604565532,109.1822715657731,109.50063673973499,107.81967224842364,174627
109.22897186086314,109.39876402944705,109.44970038459103,108.94880895325923,105616
109.39027895502709,109.50913476846704,109.54308802045898,109.38178092629504,60672
109.52610491730697,109.55157309487895,109.58553930118299,109.39027895502709,59573
109.55200058717797,109.81476585364292,109.81476585364292,109.45394939895705,118947
109.81900191369687,109.89117038635888,109.91663856393086,109.68741201147093,148754
109.89117038635888,109.68741201147093,110.00154112537886,109.42423220701903,283591
108.99974530840319,108.4139513156234,109.53035393167299,108.32226717179547,143423
108.4139513156234,108.4564025963474,108.74081451831734,108.32056367975542,110516
108.47337922234337,108.57525840978735,108.65166941965934,108.33754678290745,98495
108.59224151293937,108.89787259811526,108.89787259811526,108.52856459185337,66537
108.87240442054328,109.13558422499517,109.14406929941514,108.80448496224729,70182
109.14406929941514,109.16105240256715,109.28839329042707,109.03794757476116,112471
109.16105240256715,109.52610491730697,109.54733703482502,109.15256732814719,278400
109.92512363835083,109.05493067791319,109.92512363835083,108.99974530840319,90277
109.09313294427116,109.22897186086314,109.34782767430309,108.94032387883927,67190
109.23745693528309,109.34782767430309,109.3648107774551,109.07614984111915,57572
109.33084457115106,109.3648107774551,109.53883900609296,109.26292511285509,67427
109.37117134469206,109.31386146799905,109.44970038459103,109.28839329042707,55208
109.3223594967311,109.21198875771111,109.38178092629504,109.17803550571917,130680
109.22897186086314,109.62799058190699,109.64496073074692,109.1950056545591,329271
109.25444003843512,109.92937265271685,109.93004627694562,108.79598693351524,258822
109.94210674150284,110.17981836838275,110.4514962015667,109.83173600248286,170104
110.1883034428027,109.96757491907483,110.30292319618873,109.91663856393086,125917
109.9633259047088,110.21378457468678,110.23075472352672,109.8657022087869,89396
110.22014514192374,109.84023403121492,110.28169107867068,109.61949255317494,106317
109.79990725767392,110.15010117644474,110.15435019081076,109.74684639534695,142453
110.15435019081076,110.20528654595473,110.35810856569873,110.0185112742188,359361
109.41574713259907,109.77231457291893,110.19680147153477,109.30537639357908,125337
109.77655063297286,110.05247748052284,110.38357674327071,109.7035401300249,222248
110.05247748052284,110.05247748052284,110.37507871453865,110.01002619979883,79412
110.05247748052284,109.63647565632695,110.11189891008677,109.62799058190699,78634
109.62799058190699,109.49640067968105,109.70439511462294,109.45818545901098,76032
109.50063673973499,109.44545137022499,109.63647565632695,109.33932964557103,159395
109.44970038459103,109.58553930118299,109.69591004020297,109.44970038459103,328152
109.9505918159228,110.23075472352672,110.55336891185462,109.517619842887,201152
110.23075472352672,109.96757491907483,110.47696437913868,109.91663856393086,198647
109.97605999349479,109.92512363835083,110.22226964910675,109.89965546077885,133453
109.9505918159228,110.22226964910675,110.29018910740274,109.85720418005484,94480
110.24773782667873,110.58732216384657,110.59582019257863,110.1743905116164,170429
110.6043052669986,110.83776787951247,110.85051492261054,110.45573226162062,259105
110.83776787951247,110.74862925801052,111.1221798014824,110.68070979971453,517676
111.07124344633843,111.22830152613636,111.38112354588036,110.4514962015667,348664
111.22830152613636,110.91842142659445,111.22830152613636,110.86748507145047,107813
110.90145127775452,111.09671162391042,111.09671162391042,110.86748507145047,98301
111.08397753512442,111.76315916377219,111.76315916377219,111.08397753512442,176243
111.73344197183418,112.183397048022,112.21735030001395,111.69099069111017,163906
112.20461621122796,112.06454123458205,112.54846251707392,112.0305879825901,234192
112.06454123458205,112.31923596461398,112.34470414218596,112.0305879825901,353419
112.52298138518984,112.19188212244197,112.60363493227182,112.02208995385804,113620
112.24706749195197,112.29376778704199,112.31498695024794,111.9881367018661,95550
112.27253566952395,112.32772103903393,112.41262360048194,112.16641394486999,78562
112.32772103903393,111.69948871984224,112.36159656515333,111.69099069111017,108854
111.71645886868215,111.76739522382613,111.91173216915016,111.62307123281418,71133
111.78437832697814,111.83956369648814,111.86928088842615,111.58911798082224,111565
111.83956369648814,111.26650379249433,111.86503187406012,111.24952068934232,365637
111.31744014763831,111.71645886868215,112.05605616016209,111.31744014763831,91450
111.7079737942622,111.48724527053432,111.84381271085417,111.41082778350626,96183
111.49573034495427,111.59081499570624,111.6952397054762,111.40234270908631,76406
111.64005433596621,111.58061995209019,111.76739522382613,111.57383189255421,63981
111.58486896645621,111.70372477989616,111.7079737942622,111.52544753689229,51268
111.71222280862823,111.58911798082224,111.76739522382613,111.55515177451821,118170
111.58061995209019,111.84381271085417,111.8607828596941,111.55091571446427,226453
111.85229778527413,111.0372772400344,111.8607828596941,110.95238763289848,140767
111.01180906246242,111.20708236293041,111.41082778350626,111.01180906246242,105423
111.24103561492235,110.91418536654051,111.29197197006631,110.8420168938785,238228
110.92267044096047,110.51516664549665,110.98634088489042,110.4387621127807,119727
110.50243255671066,110.1331310276048,110.57883708942661,110.12888201323878,160156
110.13736708765875,109.7553314697669,110.22226964910675,109.73834836661489,151702
109.75958048413294,109.88267235762683,110.00154112537886,109.67892693705096,362322
110.22226964910675,109.77655063297286,110.62977344457057,109.72986329219492,234693
109.7553314697669,109.81476585364292,109.91663856393086,109.56007112361101,164548
109.80626782491088,109.57705422676302,109.93362166708287,109.57705422676302,202854
109.59402437560296,109.17803550571917,109.61949255317494,109.12708619626311,199107
109.1822715657731,109.95908984465487,109.95908984465487,109.12708619626311,181663
109.95908984465487,110.23075472352672,110.32414235939468,109.94210674150284,109265
110.22226964910675,110.55336891185462,110.57883708942661,110.17556935401672,281579
110.2986741818227,110.2986741818227,110.95238763289848,109.83173600248286,84508
110.2986741818227,110.44724718720066,110.45989059580201,110.08643073251478,95709
110.40904492084269,110.27320600425072,110.44299817283463,110.16283526523073,68421
110.28169107867068,109.99304309664682,110.28169107867068,109.86993826884083,67175
110.00154112537886,109.59402437560296,110.02063578140181,109.57705422676302,82386
109.56430718366494,109.45818545901098,109.63647565632695,109.23745693528309,166287
109.46668348774304,109.59402437560296,109.61949255317494,109.39876402944705,252655
109.602522404335,109.24594200970306,110.14586511639081,109.14406929941514,113687
109.26292511285509,109.12708619626311,109.39876402944705,108.91484274695519,107099
109.10161801869113,109.71543218852494,109.80203176485693,109.09738195863719,194710
109.71712920340893,110.01002619979883,110.05247748052284,109.61100747875497,106304
110.0185112742188,110.17133329396279,110.17981836838275,109.9505918159228,90898
110.17133329396279,110.40479590647666,110.51516664549665,110.03549437737081,140452
110.3963108320567,110.82503379072648,110.83353181945853,110.37507871453865,363008
110.67222472529457,110.68708332126359,110.79956561315448,110.01002619979883,117507
110.68495881408057,111.23255054050239,111.25801871807437,110.57035201500665,108995
111.25801871807437,111.13066487590237,111.40234270908631,111.07124344633843,137295
111.11369472706244,111.14339896468836,111.18161418535843,110.83353181945853,107787
111.14764797905438,111.27923788128032,111.30895507321834,111.04577526876645,163337
111.25801871807437,111.15613305347435,111.26650379249433,111.06275837191846,139108
111.16038206784037,110.90145127775452,111.1646310822064,110.89295324902245,298542
111.5976030552422,111.5976030552422,112.04755813143004,111.11377245293498,229314
111.63156926154625,111.5127134481063,111.89474906599813,111.5127134481063,397979
111.52119852252626,111.19009925977839,111.53818162567828,111.17311615662636,215431
111.18161418535843,110.57883708942661,111.18161418535843,110.45998127598665,111256
110.57883708942661,110.4514962015667,110.81654871630651,110.29018910740274,130792
110.45998127598665,109.98455802222685,110.82503379072648,109.7553314697669,185602
109.96757491907483,109.89965546077885,110.16283526523073,109.73834836661489,461827
109.7807996473389,110.17981836838275,110.25258273940098,108.68138013444131,217316
110.15435019081076,110.01002619979883,110.40980922525608,109.86145319442087,102457
110.05247748052284,110.05247748052284,110.2986741818227,110.03728207243945,111108
110.06096255494279,110.15435019081076,110.54063482306863,110.01002619979883,145133
110.13736708765875,110.23925275225876,110.29018910740274,109.94210674150284,83638
110.25198684104477,110.59582019257863,110.61279034141856,110.17981836838275,133627
110.61279034141856,110.74862925801052,110.7740974355825,110.57035201500665,311019
110.06096255494279,108.65591195686933,110.20953556032076,108.40546624120344,213389
108.66864604565532,109.01672841155522,109.10077598840518,108.60072658735933,192372
109.01672841155522,109.07614984111915,109.32897915020989,108.95305796762526,155440
109.0846478698512,109.23320792091707,109.3223594967311,108.78750185909527,126172
109.24594200970306,110.02700930295084,110.02700930295084,109.20350368329115,178736
110.03549437737081,110.08643073251478,110.40054689211064,109.89117038635888,206888
110.08643073251478,109.3223594967311,110.14161610202477,109.30537639357908,413916
108.68562914880734,107.39942788701778,108.68562914880734,106.809391357028,461466
107.4036769013838,107.6328969766877,107.93003651028758,107.14049061977587,303866
107.6668567058357,107.48433044846578,107.76873589327967,107.36971717223581,191998
107.48857298567577,107.59045217311974,107.79420407085166,107.48857298567577,136385
107.60742879911572,107.54800089239575,107.71779306097966,107.3527340690838,190195
107.55649244397175,107.58196062154374,107.7093079865597,107.18294190049988,349555
107.59045217311974,107.25934643321582,107.99795596858357,107.25086135879586,560634
106.97069845119196,107.64138852826372,107.91730242150159,106.75845500188403,254606
107.59045217311974,108.34603833448345,108.52432205464339,107.48161004292656,224644
108.34603833448345,108.78750185909527,108.81297003666725,108.11681178202352,336035
108.74505057837128,108.59648405014936,108.79598693351524,108.4903623254954,197922
108.59648405014936,108.18048870310952,108.6941142232273,108.10407769323753,236710
108.18473124031951,107.98946441700755,108.29509550218344,107.9045683327156,362608
107.98097934258759,108.04889232372753,108.04889232372753,107.6456310654737,730915
108.7790167846753,111.9881367018661,112.3786573941779,108.7790167846753,816798
112.01360487943809,111.2750018212264,112.6163690210578,111.00332398804245,394846
111.29622098443235,111.73344197183418,111.82682960770215,111.0372772400344,263895
111.7376909862002,110.99483891362249,111.78437832697814,110.66373965087462,273088
110.98634088489042,110.71467600601858,111.06275837191846,110.57035201500665,250205
110.72316108043854,109.92937265271685,110.8420168938785,109.92512363835083,327233
109.93362166708287,110.06096255494279,110.34961053696667,109.78929767607094,717187
110.05247748052284,109.69591004020297,110.4939345279786,109.37329585187507,283599
109.67892693705096,109.72986329219492,109.78504866170492,109.2501910240691,215659
109.7128801890429,110.19680147153477,110.21802063474072,109.50488575410101,154581
110.1883034428027,110.41328098089663,110.54063482306863,110.02700930295084,196477
110.44299817283463,110.6892078284466,110.95238763289848,110.43451309841467,175080
110.69769290286656,110.81229970194049,110.90568733780844,110.48544945355864,230657
110.79956561315448,110.68070979971453,110.88021916023646,110.4939345279786,362890
110.71467600601858,110.00154112537886,110.71467600601858,109.78929767607094,254784
110.00154112537886,110.1034138356668,110.24078136108557,109.95484083028883,178461
110.11189891008677,110.16283526523073,110.27320600425072,110.04397945179078,139348
110.16283526523073,110.31565728497472,110.41752999526265,110.1331310276048,146988
110.33264038812673,110.47696437913868,110.57883708942661,110.17981836838275,127444
110.49605903516162,110.60005625263257,110.70617797728653,110.46846635040662,293309
110.60005625263257,110.59582019257863,110.68070979971453,110.50243255671066,520561
110.6043052669986,111.02030709119447,111.74192704625415,110.6043052669986,221016
111.03304117998046,111.2750018212264,111.35140635394234,110.90993635217448,132739
111.26650379249433,111.43629596107826,111.44479398981031,111.04577526876645,136994
111.44479398981031,111.96266852429412,112.0305879825901,111.34290832521029,159312
111.96266852429412,111.52968359694623,112.00510685070603,111.39385763466635,184703
111.52119852252626,111.26820080737832,111.7079737942622,111.20028134908235,272350
111.26650379249433,111.52119852252626,111.58061995209019,111.26650379249433,452430
110.79108053873453,110.89295324902245,111.30895507321834,110.18406738274878,220335
110.85899999703051,111.19009925977839,111.29197197006631,110.76561236116254,190755
111.21556743735037,110.45998127598665,111.23255054050239,110.43451309841467,125836
110.46846635040662,110.66373965087462,110.74014418359056,110.4387621127807,121434
110.65524162214255,110.6043052669986,110.75712728674259,110.43451309841467,144183
110.59582019257863,110.7740974355825,110.83353181945853,110.48544945355864,255668
110.76561236116254,111.38535960593428,111.39385763466635,110.72316108043854,370502
111.72495689741422,112.3913914829639,112.62486704978987,111.58061995209019,258520
112.3786573941779,112.62061803542383,112.88804685424175,112.3786573941779,226632
112.62486704978987,112.83073697754874,112.83286148473175,112.50176222198388,212179
112.84559557351774,112.93049813496575,113.07482212597769,112.70975665692578,176988
112.94323222375175,113.4990499383517,113.49930902459353,112.94323222375175,220473
113.49930902459353,113.71155247390145,113.89832774563739,113.2446142945616,282536
113.72853557705346,113.77097390346538,113.9704832639873,113.6224138523995,729106
113.76248882904541,115.06990277688489,115.12933716076091,113.65211809002543,440628
115.02746445047298,114.80248691237907,115.10386898318892,114.66239898142106,356175
114.81522100116506,114.82795508995105,115.12085208634095,114.61994770069707,370069
114.806722972433,114.67938208457308,115.09538390876897,114.62844572942912,280999
114.70485026214507,114.7090992765111,114.85765932757697,114.58599444870511,221599
114.70485026214507,114.63693080384908,114.87464243072898,114.61994770069707,330100
114.63268178948306,114.95529597781096,114.97651514101692,114.6114626262771,687420
114.806722972433,114.70485026214507,114.90011060830096,114.42468735454116,295463
114.67938208457308,114.6963651877251,114.79823789801303,114.42468735454116,250227
114.71333533656502,114.93831287465895,115.2397078997809,114.71333533656502,232022
114.93831287465895,114.94256188902497,114.99774725853496,114.75578661728903,145017
114.94256188902497,115.18875859032484,115.32884652128284,114.94256188902497,159822
115.1717884414849,114.77276972044105,115.18875859032484,114.68786715899304,364586
114.76852070607502,114.22942700838526,114.793988883647,114.09783710615932,650217
113.58419863172944,114.0935880917933,114.32281464425323,112.98991956452969,382519
114.09783710615932,113.9832173527733,114.14452444693725,113.75823981467938,163019
114.01718355907734,113.90681282005735,114.2633802603772,113.88134464248537,165143
113.89407873127136,113.98237532248734,114.22092897965321,113.88134464248537,102511
113.95774917520131,113.88134464248537,114.07236892858734,113.7030544451694,237101
113.87285956806541,113.55873045415746,113.93228099762933,113.55873045415746,229178
113.56722848288952,113.73702065147343,113.7879570066174,113.2997996640716,534667
113.77947193219744,113.77947193219744,113.87285956806541,113.10029030354967,187402
113.7879570066174,114.1784906532413,114.19970981644725,113.60118173488146,337896
114.19546080208121,114.22942700838526,114.39073410254922,114.16999262450923,124624
114.23791208280522,114.47987272405115,114.47987272405115,114.16150755008927,161543
114.49260681283715,114.48412173841719,114.50958991598917,114.1596421291481,212800
114.48412173841719,114.2633802603772,114.59447952312507,114.16150755008927,244338
114.21244390523324,114.81522100116506,114.86615735630902,114.21244390523324,586209
114.96803006659695,115.33309553564887,115.48590460108076,114.58599444870511,254611
115.30762735807689,115.4774195266608,115.50288770423278,115.26517607735288,159555
115.4774195266608,115.85097007013268,115.91803454383061,115.45195134908882,159263
115.85945514455264,116.30253148101986,116.33912741267848,115.7575824342647,110581
116.30941022074046,116.62352638033632,116.62352638033632,116.23300568802452,164768
116.64050948348833,116.69569485299833,116.92067239109224,116.56410495077239,230065
116.6914458386323,116.58957312834437,116.77634840008031,116.36884460461648,775317
116.80181657765229,117.1796031811781,117.22231354814393,116.39431278218846,175056
117.19233726996409,117.60833909415997,117.60833909415997,116.94614056866422,127844
117.60833909415997,117.42581283679006,117.72719490759992,117.35364436412804,140555
117.41307874800407,117.49796835513997,117.50646638387204,117.21781840184816,67172
117.50221736950601,117.25177165384011,117.50221736950601,117.15413500360611,94827
117.26875475699214,117.557402739016,117.57013682780199,117.14564992918615,143304
117.57013682780199,117.45553002872806,117.65079037488397,117.43006185115608,398248
117.514951458292,117.19233726996409,117.55315372464997,116.85275293279625,125069
117.20932037311611,117.09894963409612,117.41690027007107,116.81030165207225,110217
117.07348145652414,117.1244307659802,117.15838401797214,116.9418915542982,116649
117.13716485476618,117.2220544619021,117.43006185115608,117.04801327895215,123206
117.22630347626813,117.459766088782,117.50646638387204,117.14140091482012,178053
117.45467504413003,117.35364436412804,117.52343653271197,117.2347885506881,175931
117.35364436412804,117.21781840184816,117.41731480805801,117.21781840184816,413164
117.20932037311611,117.0456426398394,117.2347885506881,116.71691401620429,114682
117.05651130768422,117.10744766282818,117.24752263947408,116.9970769238082,100330
117.10744766282818,116.94614056866422,117.30270800898408,116.88247012473427,237125
116.94614056866422,117.03104313011222,117.14989894355217,116.8187996808043,131195
117.0267941157462,116.52165367004838,117.0819794852562,116.45798322611843,118113
116.52165367004838,116.45373421175239,116.5513708619864,116.00377913556457,258262
116.44948519738637,116.3433634727324,116.69569485299833,116.32639332389247,435976
116.18206933288054,116.87822111036824,117.11593273724814,115.85097007013268,228275
116.8867061847882,117.3196911121361,117.36637845291403,116.87822111036824,98060
117.33667421528811,117.404580719272,117.70172673002794,117.20932037311611,112565
117.44703199999601,117.72719490759992,117.79511436589591,117.3992435426903,94616
117.80359944031586,117.57438584216803,117.81209746904793,117.52343653271197,102606
117.57649739503894,117.404580719272,117.7526630851719,117.30356299358212,145224
117.41307874800407,117.667773478036,117.74417801075194,117.31119308340405,357479
117.84605072103987,117.41307874800407,118.55918560167959,117.37062746728006,181887
117.37911254170002,117.43006185115608,117.54041963586398,117.11593273724814,126666
117.43006185115608,117.52343653271197,117.59051396072199,117.20507135875009,109101
117.51920047265803,117.61682416857994,117.72719490759992,117.43854692557605,101519
117.61682416857994,117.39609564485205,117.65079037488397,117.2220544619021,113885
117.42156382242403,117.38761057043209,117.557402739016,117.17111810675813,194330
117.38336155606606,117.472500177568,117.82906761788786,117.28572490583205,485532
116.69994386736435,116.35186150146447,116.94614056866422,115.63872662082476,275651
116.36884460461648,116.19903948172048,116.92067239109224,116.19903948172048,120106
116.19480342166653,116.41978095976044,116.4961854924764,115.96982588357263,196297
116.43251504854643,116.08018366828053,116.43251504854643,116.01651322435056,89864
116.07594760822658,116.44524913733244,116.46221928617236,115.93585967726858,123502
116.45798322611843,116.67446273548028,116.69994386736435,116.26017088048049,218650
116.65749258664036,116.66597766106031,116.7890824888663,116.47920238932439,375318
116.39431278218846,117.25253595825352,117.29422293456412,116.04623041628858,530044
117.2347885506881,117.472500177568,117.48523426635398,117.04801327895215,267164
117.48099820630006,117.19233726996409,117.65927544930393,117.14989894355217,175150
117.20932037311611,117.21781840184816,117.36637845291403,117.14777443636916,143580
117.20083529869615,117.37062746728006,117.42156382242403,117.10744766282818,136178
117.3748764816461,117.27723983141209,117.50646638387204,117.21356938748214,208168
117.29422293456412,117.59135599100794,117.70172673002794,117.26875475699214,470797
117.79511436589591,117.75691209953793,117.79511436589591,117.00557495254024,374830
117.7526630851719,117.83756564661991,118.00735781520383,117.65079037488397,150720
117.84605072103987,117.88850200176387,117.99887274078387,117.53193456144402,176926
117.84605072103987,117.62532219731199,117.84605072103987,117.46401510314803,181428
117.612588108526,117.67200953808992,117.69324165560798,117.51282695110899,186043
117.65927544930393,117.642305300464,117.71870983317996,117.51070244392598,249311
117.642305300464,117.7102118044479,117.81209746904793,117.514951458292,600113
118.04980909592783,118.2535545165037,118.71200762142357,117.82906761788786,229880
118.24506944208373,118.22808633893172,118.34694215237167,117.99462372641783,162897
118.24506944208373,118.3809083586757,118.61013491113565,118.19413308693976,152883
118.3809083586757,118.41062555061372,118.49551515774962,118.15168180621576,115302
118.41062555061372,118.06679219907984,118.4233596393997,117.93095328248788,212105
118.08376234791977,118.1007454510718,118.23658436766377,117.91397017933586,174181
118.10923052549175,118.48278106896363,118.4912790976957,118.09649643670576,410010
118.85633161243551,120.070357924407,120.070357924407,118.5761687048316,233696
120.12130723386306,119.89208068140313,120.24864812172298,119.7222885128192,232315
119.87722208543413,119.64111679325357,119.94896306579712,119.43362757648325,125768
119.64587102579117,119.70105639530117,119.73925866165914,119.48032787157328,129078
119.70530540966719,119.71379048408716,120.06187284998704,119.62890087695123,157770
119.70530540966719,119.60343269937925,119.76473979354321,119.48032787157328,201870
119.61191777379922,119.17894580076342,119.7477566903912,119.1619626976114,489063
118.87331471558753,118.29600579722769,119.60343269937925,118.27053761965571,148139
118.27903564838776,118.50401318648169,118.68653944385159,118.21960126451175,107318
118.51674727526768,118.49976417211565,118.62710505997556,118.21960126451175,94524
118.48278106896363,118.38939343309566,118.59315180798362,118.21111619009179,100308
118.36392525552368,118.64408816312759,118.64408816312759,118.1431967317958,143966
118.6610712662796,118.40212752188165,118.84784653801555,118.40212752188165,148902
118.39364244746169,118.48278106896363,118.64408816312759,118.3384570779517,301913
118.39789146182773,118.17714998378774,119.2044139783354,117.78662929147595,130194
118.1856480125198,118.59740082234966,118.69502451827155,118.13469870306375,136946
118.55918560167959,118.54221545283966,118.63560308870763,118.38956183915286,110745
118.54221545283966,118.69927353263758,118.77992707971956,118.47429599454367,95323
118.71200762142357,119.04310688417145,119.0770601361634,118.64417884331223,172511
119.04310688417145,118.97943644024149,119.13649452003942,118.85633161243551,149766
118.9667023514555,118.9242510707315,119.11951141688739,118.8138803317115,463513
118.8987828931595,119.61191777379922,119.65436905452323,118.71200762142357,161512
119.64587102579117,119.6373859513712,119.95150211096706,119.52701521235122,105613
119.6373859513712,119.53551324108328,119.76473979354321,119.42089348769726,107090
119.52701521235122,119.60343269937925,119.70530540966719,119.29780161420337,110465
119.61191777379922,119.84962940067912,119.84962940067912,119.61191777379922,117465
119.8453803863131,119.90906378455514,120.14677541143504,119.78170994238315,174802
119.88359560698316,119.47607885720726,119.89208068140313,119.45910870836732,393588
119.70530540966719,117.9903747120518,119.86661250383115,117.92245525375583,171229
118.01584288962378,117.88850200176387,118.09649643670576,117.557402739016,220747
117.88850200176387,117.94368737127387,117.9903747120518,117.65927544930393,146946
117.93095328248788,118.29600579722769,118.40637653624768,117.9054851049159,127661
118.28752072280773,117.642305300464,118.28752072280773,117.56588781343596,157014
117.642305300464,117.70172673002794,117.94792343132781,117.38336155606606,222274
117.70172673002794,117.48099820630006,117.84605072103987,117.26875475699214,501437
117.20083529869615,116.2584738655965,117.527685547078,115.88492332212462,192365
116.22875667365848,115.85945514455264,116.41978095976044,115.80851878940867,160881
115.88917233649065,116.19055440730051,116.24997583686444,115.75333341989868,140208
116.18206933288054,115.82973795261462,116.37732967903645,115.74484834547872,118093
115.80851878940867,116.13961805215655,116.37732967903645,115.69814805038868,145316
116.13112002342449,116.15660115530856,116.24997583686444,115.80851878940867,220004
116.16508622972853,116.44524913733244,116.64050948348833,115.9952940611446,491211
115.85945514455264,116.36034657588444,116.75936529692828,115.53684095622472,375624
116.31789529516043,116.54287283325434,116.57259002519235,116.30516120637444,110783
116.55560692204033,116.52165367004838,116.71691401620429,116.21602258487249,125319
116.51316859562841,116.5386367732004,116.62352638033632,116.23300568802452,82857
116.5386367732004,116.06744957949454,116.5513708619864,115.98679603241256,127273
116.06744957949454,115.95284278042061,116.31789529516043,115.9103914996966,170372
115.97831095799259,116.1735713041485,116.29242711758845,115.81700386382863,478500
115.80851878940867,115.89765741091061,116.39431278218846,115.65146070961075,122698
115.85945514455264,116.48770041805643,116.64050948348833,115.85945514455264,126904
116.48345140369041,116.31789529516043,116.51316859562841,116.11414987458456,107276
116.35186150146447,116.44948519738637,116.47920238932439,116.15660115530856,78684
116.46221928617236,116.47496632927044,116.52165367004838,116.15660115530856,107751
116.48770041805643,116.29667613195447,116.57259002519235,116.2584738655965,174573
116.28394204316848,115.73211425669273,116.28394204316848,115.69814805038868,355125
115.8254889382486,116.05471549070855,116.44524913733244,115.37553386206078,105318
116.05471549070855,116.3433634727324,116.6489945579083,116.00377913556457,111912
116.31789529516043,116.30941022074046,116.38157869340247,116.11414987458456,53216
116.32639332389247,116.33912741267848,116.66597766106031,116.19055440730051,126827
116.33487839831244,116.3009251463205,116.33487839831244,115.98679603241256,204972
116.29624863965545,116.36034657588444,116.46221928617236,116.2032884960865,135561
116.35186150146447,116.57259002519235,116.58957312834437,116.33487839831244,243580
116.63202440906836,116.36034657588444,116.67871174984631,115.92737460284863,123616
116.35186150146447,116.19903948172048,116.56410495077239,116.12263494900452,111022
116.20753751045252,116.01226420998454,116.20753751045252,115.86370415891867,106344
116.01651322435056,115.83823598134668,116.07594760822658,115.82973795261462,86121
115.8254889382486,115.52835588180477,115.91887657411657,115.42648317151684,198449
115.53684095622472,115.6429626808787,115.78305061183669,115.27451613637088,285750
115.63872662082476,115.89340839654459,115.91887657411657,115.39039245802978,448570
115.63022859209269,116.22450765929246,116.42826603418041,114.764271691709,126837
116.24997583686444,116.02076223871659,116.37308066467043,115.84247204140061,123125
116.02076223871659,116.19055440730051,116.24149076244447,116.02076223871659,158333
116.18630539293449,116.16508622972853,116.3009251463205,116.09716677143254,91198
116.1481031265765,116.09716677143254,116.32639332389247,116.08018366828053,103824
116.07594760822658,115.94859376605457,116.16933524409455,115.94435770600064,140215
115.96132785484058,115.93585967726858,116.06744957949454,115.72361622796066,393444
115.97831095799259,115.26517607735288,115.97831095799259,115.18027351590487,74090
115.29064425492486,115.77455258310464,115.79153568625665,115.18875859032484,112745
115.8127548494626,115.96982588357263,116.07169859386056,115.76606750868467,121574
115.96982588357263,115.89340839654459,116.04623041628858,115.72361622796066,71370
115.9103914996966,115.94435770600064,116.02076223871659,115.8254889382486,71162
115.95284278042061,115.99953012119855,116.04623041628858,115.9010514406786,108133
115.99953012119855,115.65569676966469,116.04623041628858,115.60476041452071,327001
115.51137277865274,114.91284469708695,115.60476041452071,114.75578661728903,170276
114.94256188902497,114.81522100116506,115.29064425492486,114.764271691709,122975
114.81522100116506,114.48412173841719,114.91284469708695,114.46288962089913,170924
114.49260681283715,114.30583154110121,114.53929415361509,114.27187828910927,114868
114.30583154110121,114.34828282182521,114.43054270360653,114.24641011153727,117478
114.34828282182521,114.12754134378524,114.44167045769318,114.11905626936527,135143
114.13603937251729,114.28036336352922,114.35676789624517,114.13603937251729,386995
114.68786715899304,114.67089701015311,114.90860863703303,114.2633802603772,86820
114.6539139070011,114.81097198679903,114.90011060830096,114.5265600648291,86086
114.81097198679903,114.51807499040913,114.92557878587296,114.42468735454116,161775
114.58599444870511,114.71333533656502,114.93831287465895,114.57750937428516,91313
114.7090992765111,114.5265600648291,114.77276972044105,114.48412173841719,145408
114.51807499040913,114.67089701015311,114.81097198679903,114.51807499040913,158733
114.66664799578709,114.44167045769318,114.74730154286907,114.39921917696918,284444
115.26517607735288,115.85520613018662,116.39431278218846,115.11235405760888,143842
115.84672105576665,115.8679402189726,116.04623041628858,115.70663312480865,112188
115.86370415891867,115.76606750868467,115.90190642527664,115.6726798728167,73089
115.7575824342647,115.73635031674665,115.85945514455264,115.63022859209269,78718
115.73635031674665,115.8806743077586,115.90190642527664,115.49438967550073,118797
115.88492332212462,115.90190642527664,116.00377913556457,115.79153568625665,114867
115.90190642527664,116.56410495077239,116.58957312834437,115.88492332212462,411933
116.64050948348833,117.667773478036,117.80359944031586,116.64050948348833,146385
117.70172673002794,117.59985401974001,117.78662929147595,117.52166179195542,173501
117.57438584216803,117.59985401974001,117.77813126274388,117.514951458292,131137
117.61682416857994,117.642305300464,117.82058254346789,117.56588781343596,87661
117.65927544930393,117.58287091658798,117.69324165560798,117.36214239286011,87383
117.57438584216803,117.79086535152987,117.83756564661991,117.22630347626813,126611
117.79086535152987,117.667773478036,117.86303382419189,117.48099820630006,460392
117.62532219731199,118.27053761965571,118.40637653624768,117.514951458292,191376
118.22808633893172,118.44032978823964,118.55918560167959,117.97764062326581,219008
118.44032978823964,118.54221545283966,118.6610712662796,118.32147397479967,209957
118.54221545283966,118.83934850928348,119.0091406778674,118.48932299656987,198119
118.81812934607754,118.66955634069957,118.95820432272345,118.63560308870763,174689
118.69502451827155,118.86481668685548,119.07282407610946,118.67804141511954,308413
118.84784653801555,119.2468652590594,119.47607885720726,118.83511244922956,550647
119.28930358547132,118.5761687048316,120.06187284998704,118.31298890037972,258183
118.59315180798362,118.77567806535353,119.27233343663138,118.5761687048316,153107
118.76719299093357,118.56768363041164,118.77992707971956,118.28752072280773,168503
118.51674727526768,118.77992707971956,118.88179979000749,118.45731289139165,102801
118.77992707971956,118.74596087341553,118.91576599631153,118.63560308870763,136642
118.7289907245756,119.2044139783354,119.25535033347937,118.7289907245756,156951
119.21289905275536,119.45061067963526,119.51853013793125,119.00065560344744,494067
119.53551324108328,118.98367250029543,119.53551324108328,118.76719299093357,179502
118.98367250029543,119.33175486619531,119.33175486619531,118.52948136405367,146502
119.3147717630433,118.83086343486353,119.34873796934734,118.83086343486353,96291
118.87331471558753,118.55918560167959,118.8987828931595,118.5337174241076,117964
118.5761687048316,118.29176973717377,118.5761687048316,118.27903564838776,172503
118.27053761965571,117.82058254346789,118.27053761965571,117.80359944031586,131595
117.84180170667385,118.02434091835585,118.2535545165037,117.83756564661991,343723
118.83934850928348,117.37911254170002,118.83934850928348,117.17536712112417,204765
117.41307874800407,117.53193456144402,117.76116111390395,117.12866682603413,330221
117.50221736950601,116.85275293279625,117.59560500537398,116.84426785837628,152323
116.84426785837628,116.98859184938823,117.09894963409612,116.71691401620429,122680
116.9843428350222,116.48345140369041,117.06499638210417,116.35186150146447,159678
116.44948519738637,115.44345332035677,116.66597766106031,115.44345332035677,602025
115.45195134908882,115.73211425669273,116.08018366828053,115.34158061006883,444830
115.74059933111269,115.19725661905689,115.89340839654459,114.73031843971705,230293
115.18027351590487,115.30762735807689,115.43487756575216,115.04019853925897,229903
115.30457014042328,115.6726798728167,115.78305061183669,115.15055632396687,230288
115.6726798728167,116.0080281499306,116.0080281499306,115.57080716252877,131207
116.0080281499306,116.02076223871659,116.19903948172048,115.74059933111269,143757
116.02499829877053,115.59627534010075,116.0504794306546,115.59627534010075,145447
115.5877773113687,115.52835588180477,115.87643824770466,115.5198708073848,271106
115.36704878764081,114.84068917873704,115.69814805038868,114.70060124777903,130312
114.79823789801303,114.51807499040913,114.90011060830096,114.35676789624517,168248
114.51807499040913,114.67089701015311,114.6963651877251,114.18697572766126,121421
114.67089701015311,114.79823789801303,114.90011060830096,114.48089611470638,154402
114.806722972433,114.54566767516413,114.84068917873704,114.49260681283715,122232
114.53505809356115,114.78550380922704,115.001996272901,114.47987272405115,190257
114.81522100116506,114.806722972433,114.96803006659695,114.74730154286907,313924
114.66239898142106,115.22272479662888,115.38403189079283,114.64966489263507,166729
115.21847578226284,115.18027351590487,115.24819297420086,114.5010918872571,158242
115.19725661905689,115.46043642350878,115.63872662082476,115.0868858800369,118683
115.48590460108076,115.46416726539114,115.60476041452071,115.3245975069168,84926
115.46399885933396,115.4349682459368,115.51137277865274,115.35856371322085,83634
115.45195134908882,116.13961805215655,116.13961805215655,115.39251696521279,130227
116.1481031265765,116.39431278218846,116.44524913733244,115.94435770600064,323360
114.63693080384908,115.23120987104883,115.5198708073848,114.45865356084519,325710
115.30762735807689,115.56230913379672,115.74908440553266,115.24819297420086,171128
115.56230913379672,116.15235214094254,116.1735713041485,115.42223415715081,185625
116.15235214094254,116.33487839831244,116.4961854924764,116.09716677143254,135617
116.30941022074046,116.19055440730051,116.43675110860038,116.03773238755652,161147
116.19480342166653,116.63202440906836,116.76785037134825,116.19055440730051,147592
116.64475849785437,117.10744766282818,117.28572490583205,116.5386367732004,417081
117.557402739016,116.95038958303026,117.632965241446,116.28394204316848,179361
117.00557495254024,117.23903756505412,117.29422293456412,116.82728475522427,134791
117.22630347626813,117.39609564485205,117.52343653271197,117.13291584040016,102170
117.37911254170002,117.642305300464,117.6974777156619,117.15838401797214,84513
117.65927544930393,117.62532219731199,117.78662929147595,117.42156382242403,112738
117.63380727173195,117.45553002872806,117.80359944031586,117.39695062945009,170346
117.46401510314803,117.43006185115608,117.67625855245595,117.38761057043209,349930
117.50646638387204,116.64050948348833,117.57438584216803,116.4961854924764,135520
116.62352638033632,116.81455066643828,116.9970769238082,116.45798322611843,124641
116.83576982964424,116.85275293279625,116.92492140545826,116.67871174984631,93280
116.88247012473427,116.85700194716229,116.92067239109224,116.75088022250833,150028
116.82728475522427,117.03104313011222,117.1668690923921,116.50467056689637,346909
117.03104313011222,116.69994386736435,117.09894963409612,116.6489945579083,295540
116.68296076421234,116.98859184938823,117.01406002696021,116.54287283325434,459941
117.472500177568,118.02434091835585,118.19413308693976,117.29422293456412,221044
117.9903747120518,117.62955825736593,118.09226037665184,117.48099820630006,359879
117.62955825736593,117.60833909415997,117.97340456321187,117.58287091658798,116602
117.59985401974001,116.86123800721622,117.65079037488397,116.83576982964424,187229
116.84426785837628,116.3009251463205,116.86973603594828,116.22450765929246,259731
116.26695894001647,116.42826603418041,116.65749258664036,116.22450765929246,198294
116.44524913733244,116.86973603594828,116.98859184938823,116.41978095976044,635134
116.75936529692828,116.47071731490442,117.14989894355217,116.13112002342449,161536
116.4961854924764,116.76785037134825,117.06499638210417,116.48345140369041,211947
116.74238219377627,117.21781840184816,117.31119308340405,116.7338971193563,108658
117.21781840184816,116.92067239109224,117.48948328072002,116.92067239109224,96179
116.94614056866422,116.93765549424425,117.472500177568,116.6489945579083,164292
116.94614056866422,117.45553002872806,117.48099820630006,116.86973603594828,159572
117.42156382242403,117.1668690923921,117.42156382242403,116.9716087462362,412421
117.63380727173195,117.46401510314803,117.9054851049159,117.09046455967616,140485
117.46401510314803,116.7338971193563,117.50137533922006,116.71691401620429,83897
116.7338971193563,116.67998127243128,116.84426785837628,116.65749258664036,129308
116.64050948348833,117.03952820453219,117.05651130768422,116.61504130591635,75514
117.03952820453219,116.9291574655122,117.09887190822357,116.74238219377627,136488
116.84850391843023,117.30270800898408,117.38761057043209,116.82728475522427,146874
117.3196911121361,117.02246737550762,117.35789337849407,116.98859184938823,371891
117.03104313011222,116.87822111036824,117.43854692557605,116.76785037134825,170343
116.87822111036824,116.91218731667227,117.04377721889821,116.52165367004838,128588
116.89520421352026,116.98009382065617,117.02254510138017,116.58957312834437,144796
116.93765549424425,116.59805820276434,117.07773047089017,116.44948519738637,146692
116.58532411397834,116.74238219377627,116.95462564308419,116.56410495077239,127809
116.78483347450027,116.9716087462362,116.9843428350222,116.55560692204033,218986
117.01406002696021,116.9716087462362,117.1796031811781,116.86973603594828,303934
117.77813126274388,117.57438584216803,117.77813126274388,117.01406002696021,223826
117.57438584216803,117.73567998201989,117.73567998201989,117.42156382242403,80036
117.69324165560798,117.09894963409612,117.71870983317996,117.02254510138017,234113
117.09046455967616,117.39609564485205,117.59135599100794,117.09046455967616,88209
117.32817618655606,117.642305300464,117.71870983317996,117.31272169223085,91416
117.63805628609798,117.36214239286011,117.66352446366996,117.13291584040016,218476
117.34515928970808,117.58287091658798,117.642305300464,117.20083529869615,288053
117.54041963586398,118.00735781520383,118.06679219907984,116.98009382065617,235659
117.9903747120518,117.92670426812185,118.1007454510718,117.65079037488397,168769
117.9054851049159,118.15168180621576,118.17214961932041,117.87151889861185,106970
118.17714998378774,118.34694215237167,118.34694215237167,118.06679219907984,85016
118.34694215237167,118.90726796757947,118.9667023514555,118.26205254523575,136252
118.91576599631153,118.5761687048316,119.0091406778674,118.4233596393997,176754
118.55918560167959,118.08376234791977,118.56768363041164,117.9903747120518,342061
118.49976417211565,118.59315180798362,118.86481668685548,118.30025481159372,208944
118.58465377925157,119.03462180975148,119.14497959445937,118.54221545283966,117452
119.01763870659946,118.55918560167959,119.01763870659946,118.52948136405367,97738
118.56768363041164,119.13861902722243,119.13861902722243,118.56768363041164,75311
119.17894580076342,119.30628668862333,119.3996743244913,119.17044777203137,102369
119.3147717630433,119.56098141865526,119.56098141865526,119.11526240252137,760957
119.55673240428922,118.97518742587546,119.60343269937925,118.90726796757947,395753
118.63560308870763,119.23836723032734,119.58644959622724,118.23233535329774,173541
119.28930358547132,119.3996743244913,119.4845768859393,119.2044139783354,156301
119.37420614691932,119.77322486796318,119.80717811995513,119.29780161420337,107156
119.76473979354321,119.84962940067912,119.86661250383115,119.50154703477924,70411
119.84962940067912,119.5524963442353,119.84962940067912,119.47607885720726,143457
119.54399831550323,119.75657857692553,119.84114432625917,119.44212560521531,139907
119.7477566903912,120.38448703831496,120.40147014146697,119.49306196035927,502834
120.53729610374685,119.36572107249935,120.69860319791081,119.18318186081736,143824
119.36572107249935,119.62890087695123,119.62890087695123,119.22138412717533,113666
119.65436905452323,119.93453196212712,120.24864812172298,119.61191777379922,185854
119.92603393339508,119.68408624646123,120.04913876120105,119.62040284821919,127580
119.6628541289432,119.8326462975271,120.31656758001897,119.6628541289432,137572
119.8326462975271,120.10857314507707,120.19771176657902,119.7222885128192,149346
120.12130723386306,120.180728663427,120.26563122487501,119.94301703654709,326267
119.56098141865526,121.16554137725065,121.22496280681459,119.39542531012528,258050
121.19100955482263,120.59248147325685,121.20799265797466,120.40147014146697,144268
120.59673048762288,120.94481285352276,121.0891368445347,120.59673048762288,106436
120.97876610551471,120.81320999698474,121.15705630283068,120.60521556204284,124551
120.87689339522679,120.90236157279877,121.05517063823066,120.70708827233076,178855
120.88537846964674,120.9065976328527,121.0891368445347,120.66464994591887,288771
120.89811255843274,120.34203575759095,120.89811255843274,120.27411629929496,491582
120.62219866519486,120.37175294952897,120.84292718892274,119.75624176481115,276692
120.43542339345892,120.4863597486029,120.51182792617487,119.9854683172711,138481
120.48211073423685,121.02970246065868,121.02970246065868,120.47787467418293,212326
121.02757795347567,121.17402645167061,121.4796575368465,121.0042342830867,136877
121.16129236288462,120.83444211450278,121.2843971906906,120.79199083377878,154435
120.83444211450278,120.62219866519486,121.12309009652665,120.56276428131883,230237
120.63918176834687,121.5645600982945,121.57304517271447,120.63068373961482,516483
118.85633161243551,120.23166501857096,120.67313502033882,118.64408816312759,928370
120.23591403293699,120.50334285175491,121.2843971906906,120.12979230828303,467095
120.49484482302285,120.4863597486029,120.8386911288688,120.40147014146697,250668
120.45240649661093,120.17224358900704,120.55427920689887,119.78170994238315,768356
120.138277382703,120.17224358900704,120.26138221050897,119.93453196212712,278514
120.20619684099898,120.4608915710309,120.68162009475878,120.070357924407,265715
120.4608915710309,119.91329984460909,120.55427920689887,119.7902079711152,542309
115.88492332212462,116.43251504854643,117.04801327895215,114.84492523879098,926332
116.39431278218846,114.946810903391,117.09894963409612,114.67089701015311,534439
114.96378105223093,114.934076814605,115.63022859209269,114.25489518595724,453354
114.934076814605,114.58174543433908,115.1420712495469,114.29734646668125,216409
114.57861049081293,115.1717884414849,115.39251696521279,114.55202824240108,312302
115.17602450153885,114.75578661728903,115.45195134908882,114.54354316798111,547720
114.75153760292301,114.806722972433,115.16329041275286,114.46314870714096,989674
115.03594952489294,115.80851878940867,115.80851878940867,114.41195326575517,348926
115.8254889382486,115.67692888718273,115.97831095799259,115.31611243249685,284284
115.63872662082476,115.04443459931291,115.69814805038868,115.001996272901,273924
115.03170051052692,115.44345332035677,115.63447760645873,114.95104696344494,178713
115.48590460108076,115.51137277865274,115.69814805038868,115.3797828764268,185216
115.51562179301878,114.849174253157,115.62174351767274,114.806722972433,233726
114.84492523879098,114.67089701015311,114.90860863703303,114.53080907919512,561291
115.35856371322085,113.70280831323966,115.43921726030283,113.69456937074943,369248
113.71580148826747,113.96624720393338,114.15725853572324,113.69456937074943,214582
113.96624720393338,114.56477528549915,114.7090992765111,113.94077902636138,168093
114.53505809356115,114.36526592497724,114.54354316798111,114.14028838688331,173202
114.39064342236458,114.3185656298872,114.4162022801212,114.11905626936527,215171
114.32705070430717,114.02991764786333,114.37375099939719,113.97473227835333,311436
114.02991764786333,114.03416666222935,114.16150755008927,113.92379592320937,537130
114.28884843794918,115.92312558848259,116.02924731313655,113.93228099762933,310959
115.90190642527664,116.39431278218846,116.43675110860038,115.79153568625665,242924
116.36884460461648,116.19903948172048,116.51316859562841,115.88492332212462,143872
116.18206933288054,116.21602258487249,116.29242711758845,115.96982588357263,172104
116.23300568802452,116.1608372153625,116.33487839831244,115.93585967726858,242038
116.1608372153625,116.0411393716366,116.27120795438249,115.91887657411657,203758
116.05471549070855,115.62174351767274,116.06744957949454,115.52835588180477,608502
115.88492332212462,115.50288770423278,115.89340839654459,115.28214622619281,159400
115.46892149792875,115.47317051229477,115.69814805038868,115.38403189079283,176746
115.4349682459368,115.5198708073848,115.62174351767274,115.29064425492486,120198
115.52835588180477,115.76181849431865,115.85097007013268,115.37553386206078,120873
115.73211425669273,115.68966297596872,115.73211425669273,115.46043642350878,121158
115.66843085845068,115.4774195266608,115.6726798728167,115.37553386206078,243024
115.49015361544679,115.36704878764081,115.57929223694873,115.23120987104883,458480
115.29912932934482,115.7151311535407,115.91464051406263,115.01896642174091,146010
115.68116494723667,116.00377913556457,116.00377913556457,115.48590460108076,158910
115.99104504677858,116.3560975615184,116.36034657588444,115.85097007013268,283224
116.33487839831244,116.23300568802452,116.55560692204033,116.17782031851452,98898
116.2584738655965,116.43675110860038,116.47071731490442,116.18206933288054,141976
116.43675110860038,116.55560692204033,116.5810880539244,116.21177357050647,234535
116.5386367732004,116.27120795438249,116.54712184762036,116.21602258487249,425650
116.47920238932439,117.1244307659802,117.35364436412804,115.97831095799259,240445
117.18385219554413,117.25602066820613,117.37062746728006,117.03952820453219,278215
117.26025672826007,117.20083529869615,117.28572490583205,116.9716087462362,94766
117.20932037311611,117.39184663048601,117.39184663048601,117.14989894355217,97574
117.404580719272,117.31119308340405,117.42156382242403,117.19233726996409,204489
117.29422293456412,117.2645057426261,117.44279593994207,117.24328657942014,140745
117.26875475699214,117.09894963409612,117.27723983141209,116.98009382065617,338574
117.28572490583205,118.27478663402174,118.32997200353174,117.03104313011222,194812
118.27478663402174,118.11347953985779,118.40637653624768,117.87151889861185,135824
118.10923052549175,117.61682416857994,118.55918560167959,117.59560500537398,369538
117.61682416857994,116.86123800721622,117.74842702511796,115.77880159747066,417820
116.93001245011024,116.59805820276434,117.00132593817422,116.27545696874851,140182
116.60655623149638,117.02254510138017,117.11593273724814,116.58957312834437,140163
116.9970769238082,116.83576982964424,117.29422293456412,116.83576982964424,333730
117.07348145652414,117.0267941157462,117.38761057043209,116.66172864669429,166374
117.1116966771942,116.69994386736435,117.28572490583205,116.69994386736435,101433
116.61079229155033,116.8867061847882,117.06499638210417,116.61079229155033,253138
116.8867061847882,116.3560975615184,116.91218731667227,116.3560975615184,200005
116.38581475345642,115.97831095799259,116.38581475345642,115.91124648429465,91129
115.96132785484058,115.83398696698066,116.05471549070855,115.74908440553266,163745
115.85097007013268,115.81700386382863,116.08868169701258,115.68116494723667,405038
115.90190642527664,117.38761057043209,117.43429791121002,115.62174351767274,336999
117.38761057043209,117.39609564485205,117.53618357581004,117.20932037311611,225665
117.404580719272,116.9970769238082,117.41307874800407,116.85275293279625,217666
116.96312367181625,116.86973603594828,117.02254510138017,116.7338971193563,217121
116.86123800721622,116.86123800721622,116.92067239109224,116.7338971193563,111713
116.87822111036824,116.94614056866422,117.05651130768422,116.86123800721622,217551
116.95462564308419,116.7338971193563,116.95462564308419,116.71691401620429,296591
116.42826603418041,117.32817618655606,117.54466865023001,116.42826603418041,249972
117.33667421528811,117.667773478036,117.76964618832392,117.09894963409612,198404
117.66352446366996,118.0455600815618,118.07527727349981,117.43854692557605,143225
118.02434091835585,117.97340456321187,118.12612294845914,117.88001692734392,122035
117.97340456321187,117.83756564661991,118.03282599277581,117.69324165560798,180383
117.83756564661991,117.37062746728006,117.88001692734392,117.29634744174713,214127
117.33667421528811,117.45553002872806,117.69324165560798,117.26875475699214,393003
118.85633161243551,119.84972008086376,119.96848521411908,118.16441589500175,356274
119.92603393339508,120.35052083201091,120.35052083201091,119.76473979354321,230038
120.308082505599,120.24864812172298,120.47787467418293,120.05338777556709,190591
120.223179944151,120.18922669215905,120.4863597486029,120.12979230828303,204323
120.21469486973103,119.77322486796318,120.25713319614295,119.67983723209521,214149
119.75624176481115,119.87509757825111,120.01942156926305,119.67983723209521,238106
119.87509757825111,120.26138221050897,120.33355068317098,119.77322486796318,505367
120.12979230828303,119.69682033524722,120.12979230828303,119.04310688417145,229794
119.70955442403321,119.75624176481115,120.0279195979951,119.58644959622724,119692
119.76473979354321,119.92603393339508,120.11280920513101,119.7477566903912,87074
119.92603393339508,119.96848521411908,120.10432413071105,119.88359560698316,75683
119.97698324285113,119.83689531189313,119.97698324285113,119.77322486796318,75657
119.86661250383115,120.070357924407,120.15526048585501,119.7902079711152,132923
120.07885595313907,120.29958447686695,120.308082505599,120.03640467241506,262522
120.14677541143504,119.88359560698316,120.22742895851702,119.56098141865526,122421
119.90906378455514,120.00245142042311,120.18922669215905,119.56955717325987,80072
119.9854683172711,119.59069861059326,120.01942156926305,119.56523043302128,120134
119.52701521235122,119.0091406778674,119.5524963442353,119.0091406778674,77618
119.0091406778674,118.45731289139165,119.0091406778674,118.44032978823964,75249
118.45731289139165,118.48278106896363,118.48703008332966,118.21111619009179,132098
118.48278106896363,118.59315180798362,118.7289907245756,118.43184471381967,321378
118.87331471558753,118.06679219907984,118.89028486442746,118.02434091835585,114839
118.06679219907984,117.94792343132781,118.21960126451175,117.70172673002794,142319
117.93095328248788,117.76116111390395,117.96490653447982,117.61682416857994,70193
117.79086535152987,117.83756564661991,118.02009190398982,117.76116111390395,59644
117.78662929147595,117.99887274078387,118.13469870306375,117.78662929147595,66461
118.01584288962378,118.09649643670576,118.17714998378774,117.87151889861185,114085
118.09649643670576,118.27053761965571,118.30873988601368,118.06679219907984,261750
118.27053761965571,117.34515928970808,118.27053761965571,117.26875475699214,138629
117.28572490583205,117.41731480805801,117.54041963586398,117.1244307659802,95570
117.41731480805801,117.62107318294596,117.76116111390395,117.30270800898408,137384
117.58287091658798,117.77813126274388,117.95642146005986,117.58287091658798,55238
117.76964618832392,117.54891766459603,117.88425298739784,117.54891766459603,59234
117.53193456144402,117.77389520268996,117.92245525375583,117.514951458292,81665
117.78662929147595,118.1431967317958,118.15168180621576,117.667773478036,200688
118.03282599277581,116.8739720960022,118.11772855422382,116.75511628256226,202215
116.88247012473427,116.31789529516043,116.9970769238082,116.2584738655965,107790
116.32639332389247,116.2032884960865,116.48770041805643,116.11414987458456,114136
116.18206933288054,116.13961805215655,116.4112829310284,116.08018366828053,92956
116.16508622972853,115.76606750868467,116.16508622972853,115.73211425669273,120136
115.74908440553266,116.01226420998454,116.09716677143254,115.73635031674665,196674
116.01226420998454,116.32639332389247,116.3433634727324,115.87643824770466,382510
116.21602258487249,116.37732967903645,117.06499638210417,116.04198140192254,221912
116.37732967903645,116.75936529692828,116.75936529692828,116.05471549070855,114392
116.78483347450027,116.8187996808043,116.8867061847882,116.6489945579083,91923
116.80181657765229,116.80181657765229,117.03104313011222,116.65749258664036,99824
116.81455066643828,116.76361431129432,117.14140091482012,116.62777539470234,154007
116.74238219377627,116.90368928794022,116.95462564308419,116.67446273548028,172158
116.86548702158224,116.86973603594828,117.03952820453219,116.7338971193563,336693
116.74238219377627,116.24997583686444,116.74238219377627,115.66843085845068,147245
116.24997583686444,115.87218923333863,116.33487839831244,115.81700386382863,146437
115.9103914996966,116.16508622972853,116.21602258487249,115.65569676966469,215937
116.16508622972853,115.90190642527664,116.19055440730051,115.7575824342647,136815
115.90614248533058,115.82973795261462,115.97831095799259,115.62174351767274,125751
115.81700386382863,115.48590460108076,115.9655768692066,115.31611243249685,242651
115.4774195266608,115.33309553564887,115.54533898495679,115.25667804862083,519218
114.98501316974897,114.3185656298872,115.77455258310464,113.97473227835333,201928
114.28461237789526,114.27187828910927,114.3312997186732,113.99171538150536,95085
114.28036336352922,114.49260681283715,114.64966489263507,114.22942700838526,117445
114.5010918872571,114.31431661552118,114.67938208457308,114.24641011153727,85955
114.29734646668125,114.70485026214507,114.73880351413702,114.16150755008927,131382
114.71333533656502,114.95954499217699,115.01896642174091,114.5690113455531,159043
114.97651514101692,114.38223607381715,114.97651514101692,114.31431661552118,297193
114.66239898142106,114.40346819133521,115.02746445047298,114.25489518595724,218711
114.40346819133521,114.28036336352922,114.58599444870511,114.18697572766126,97331
114.29734646668125,114.13603937251729,114.50958991598917,114.13179035815126,111376
114.17424163887526,114.35676789624517,114.49251613265251,114.0681199142213,203149
114.35676789624517,114.34828282182521,114.60297755185714,114.25489518595724,136843
114.34828282182521,114.42468735454116,114.50958991598917,114.27187828910927,130945
114.47562370968512,114.43317242896113,114.58599444870511,114.35676789624517,307036
114.74730154286907,115.39251696521279,115.50288770423278,114.44167045769318,238727
115.41798514278477,115.41798514278477,115.68966297596872,115.12933716076091,164437
115.4349682459368,115.63447760645873,115.88492332212462,115.38403189079283,139908
115.59627534010075,115.93585967726858,116.02076223871659,115.43071923157076,114576
115.93585967726858,115.96982588357263,116.03773238755652,115.73211425669273,100796
115.96132785484058,116.26695894001647,116.29242711758845,115.89340839654459,142619
116.24149076244447,116.75088022250833,116.79333150323232,116.08018366828053,440801
116.42826603418041,117.30270800898408,117.32817618655606,115.63872662082476,131323
117.34091027534205,117.54891766459603,118.00735781520383,117.23055249063415,87475
117.33667421528811,117.09894963409612,117.60833909415997,117.07348145652414,51984
117.06074736773814,117.34091027534205,117.43854692557605,116.83576982964424,152775
117.3494083040741,117.67625855245595,117.71870983317996,117.29422293456412,237131
117.68474362687591,117.96490653447982,117.97764062326581,117.60833909415997,159353
117.98188963763184,118.27903564838776,118.29600579722769,117.85454874977192,349895
118.32997200353174,119.57796452180727,119.59918368501323,117.9903747120518,163246
119.56946649307523,119.66710314330922,119.90906378455514,119.29780161420337,166381
119.67135215767524,119.55673240428922,119.7477566903912,119.37420614691932,130606
119.55673240428922,120.07460693877304,120.20619684099898,119.53551324108328,269990
120.09583905629108,120.4608915710309,120.50334285175491,120.09583905629108,192536
120.45453100379396,120.43542339345892,120.74953955305477,120.35901886074298,230770
120.43542339345892,120.180728663427,120.45240649661093,119.85811447509909,435048
120.21469486973103,119.28081851105135,120.34203575759095,118.7289907245756,203543
119.25373104446793,119.18743087518338,119.33175486619531,118.9539682626695,197597
119.19591594960335,119.42514250206328,119.56098141865526,119.14497959445937,117487
119.42514250206328,118.85208259806949,119.5524963442353,118.71200762142357,219436
118.86481668685548,119.46759378278729,119.46759378278729,118.80964427165758,181333
119.4548596940013,119.19591594960335,119.58644959622724,119.11102634246743,173737
119.1916798895494,119.30628668862333,119.33175486619531,118.87331471558753,440952
119.2468652590594,119.91754885897511,120.68162009475878,118.64408816312759,225173
120.05338777556709,119.73925866165914,120.15950950022105,119.46759378278729,118567
119.7350226016052,119.9578756325161,120.09574837610644,119.68832230651518,293928
119.93453196212712,119.70530540966719,120.12130723386306,119.69682033524722,104427
119.7222885128192,119.32750585182929,119.76049077917719,119.11102634246743,115489
119.32326979177535,119.29355259983734,119.60343269937925,119.18743087518338,132065
119.27233343663138,119.56946649307523,119.58644959622724,119.19591594960335,297365
119.10252831373538,119.92179787334113,120.15526048585501,119.10252831373538,159730
119.91754885897511,119.37845516128534,120.26563122487501,119.35340152170029,174732
119.38694023570531,119.29355259983734,119.5524963442353,119.24321214304959,176187
119.28930358547132,119.45910870836732,119.58644959622724,119.14497959445937,94387
119.40815939891127,119.14074353440544,119.50154703477924,119.03462180975148,89755
119.11951141688739,118.9242510707315,119.27233343663138,118.8987828931595,125287
118.91576599631153,118.85633161243551,118.99217052902748,118.69077550390553,340214
118.75445890214758,117.9054851049159,119.08555816489545,117.74417801075194,173192
117.90123609054987,117.7229458932339,118.02434091835585,117.514951458292,144590
117.72719490759992,117.56588781343596,117.83756564661991,117.45553002872806,102717
117.57013682780199,117.26025672826007,117.65079037488397,117.25177165384011,70480
117.28572490583205,117.57862190222195,117.6394164888676,117.27723983141209,109580
117.58287091658798,117.32817618655606,117.62532219731199,117.22630347626813,130429
117.31119308340405,117.01406002696021,117.48948328072002,116.89095519915423,533141
116.71691401620429,116.41978095976044,117.20932037311611,116.19903948172048,223968
116.39431278218846,116.2584738655965,116.57259002519235,116.18630539293449,159446
116.30941022074046,116.0632135194406,116.42826603418041,115.97831095799259,151412
116.09291775706652,116.1183859346385,116.24997583686444,115.9952940611446,128679
116.13961805215655,116.12263494900452,116.32639332389247,116.04198140192254,187312
116.13536903779051,116.31789529516043,116.35186150146447,116.02076223871659,294447
116.28394204316848,116.36034657588444,116.36884460461648,116.05471549070855,552888
116.69994386736435,117.0267941157462,117.65927544930393,116.22027159923852,140594
117.06924539647021,117.15838401797214,117.41307874800407,117.06924539647021,99919
117.15838401797214,117.14140091482012,117.41307874800407,117.03104313011222,109580
117.11593273724814,116.99282790944216,117.14140091482012,116.96312367181625,127358
116.9716087462362,116.67446273548028,117.02254510138017,116.56410495077239,98011
116.65324357227432,116.60655623149638,116.85394472950868,116.4961854924764,126763
116.60655623149638,116.55560692204033,116.74238219377627,116.39431278218846,282795
116.02076223871659,116.66597766106031,116.82728475522427,115.9019841511492,123313
116.67446273548028,116.41978095976044,116.7338971193563,116.4112829310284,188448
116.39431278218846,116.41978095976044,116.46221928617236,116.08018366828053,122202
116.40704687097445,116.68296076421234,116.68296076421234,116.40704687097445,94119
116.67446273548028,116.6489945579083,116.71691401620429,116.53438775883437,97379
116.65324357227432,116.86123800721622,116.9716087462362,116.59805820276434,112840
116.85275293279625,117.1668690923921,117.24328657942014,116.77634840008031,378797
116.63202440906836,115.8679402189726,117.05651130768422,115.78305061183669,129615
115.84247204140061,115.92737460284863,116.13961805215655,115.48590460108076,130412
115.96132785484058,116.22450765929246,116.23300568802452,115.78305061183669,98151
116.23300568802452,116.33062938394642,116.5810880539244,116.19903948172048,88580
116.33062938394642,116.09716677143254,116.3433634727324,115.9931695539616,95067
116.10990086021853,116.08868169701258,116.18206933288054,115.80851878940867,158805
116.08018366828053,116.15660115530856,116.19903948172048,115.95284278042061,350358
115.8254889382486,116.71691401620429,117.36214239286011,115.4774195266608,119511
116.74238219377627,116.67446273548028,116.86973603594828,116.37732967903645,107288
116.70842894178432,116.55560692204033,116.93765549424425,116.42826603418041,131325
116.53013874446835,116.44524913733244,116.53013874446835,116.29242711758845,85066
116.47071731490442,116.59805820276434,116.66597766106031,116.35186150146447,92910
116.58957312834437,116.29242711758845,116.60230721713036,116.20753751045252,143205
116.3009251463205,116.26695894001647,116.60230721713036,116.1481031265765,316463
116.5810880539244,115.40100203963276,116.7338971193563,115.31611243249685,222687
115.38403189079283,114.76003563165506,115.38403189079283,114.71333533656502,159256
114.79823789801303,114.87464243072898,114.91709371145299,114.49260681283715,149694
114.85765932757697,114.87464243072898,114.95104696344494,114.67938208457308,134074
114.85765932757697,114.85342326752303,115.15480533833289,114.71758435093106,117829
114.83644016437101,114.81097198679903,114.98501316974897,114.64541587826905,150209
114.81522100116506,114.97651514101692,115.12933716076091,114.81522100116506,308598
114.33978479309316,114.62844572942912,115.22272479662888,114.28884843794918,234110
114.58599444870511,114.35676789624517,114.62844572942912,114.14877346130328,140110
114.35676789624517,114.19546080208121,114.5690113455531,113.87285956806541,230766
114.1530224756693,113.90256380569133,114.23791208280522,113.80494010976942,161775
113.92379592320937,114.51807499040913,114.5265600648291,113.77947193219744,243532
114.50958991598917,114.1233052837313,114.56052627113313,114.03416666222935,221826
114.11057119494531,113.88134464248537,114.28461237789526,113.84739139049341,486441
114.70485026214507,114.20395883081328,114.72183336529709,113.80494010976942,358091
114.20819489086722,113.92379592320937,114.31431661552118,113.92379592320937,131629
113.92379592320937,113.4950600102275,113.92379592320937,113.47384084702155,103487
113.47384084702155,113.3974363143056,113.60967976361351,113.26159739771363,117808
113.39318729993957,113.38893828557354,113.5635753668797,113.22763119140959,271880
113.40167237435953,113.49081099586147,113.64363301560546,113.29555064970558,289990
113.49930902459353,114.00868553034529,114.07660498864126,113.41440646314553,681189
114.12754134378524,113.69456937074943,114.12754134378524,113.43563858066356,172825
113.72003754832141,113.88134464248537,114.6963651877251,113.56722848288952,223142
113.88134464248537,113.55024537973749,113.90681282005735,113.5077940990135,137793
113.5077940990135,113.41440646314553,113.57571355730948,113.19367793941764,92474
113.3974363143056,113.58419863172944,113.6775862675974,113.31253375285759,111977
113.58419863172944,113.75400375462546,113.85587646491338,113.58419863172944,124720
113.73702065147343,113.76248882904541,113.9832173527733,113.66061611875749,353119
113.76248882904541,113.10029030354967,113.76248882904541,113.10029030354967,104604
113.10707836308565,112.33197005339997,113.10707836308565,112.28526975830994,122244
112.33197005339997,112.09425842652006,112.36168724533798,111.84381271085417,126068
112.03907305701007,111.8607828596941,112.10699251530605,111.78437832697814,144014
111.85229778527413,112.25980158073796,112.31923596461398,111.85229778527413,141603
112.24706749195197,112.28951877267596,112.4211086749019,112.17491197360204,141279
112.26829960947,112.36168724533798,112.39564049732992,112.16641394486999,349875
111.93720034672214,111.85229778527413,112.91351503181373,111.63156926154625,122441
111.84381271085417,111.80984650455012,112.336219067766,111.76315916377219,119889
111.84381271085417,111.75891014940616,112.06454123458205,111.69948871984224,118801
111.73344197183418,111.6952397054762,111.79286340139811,111.58911798082224,98092
111.6952397054762,111.5976030552422,111.69948871984224,111.44479398981031,93207
111.59336699518828,111.92021724357012,111.93720034672214,111.52968359694623,131439
111.93295133235611,111.96266852429412,112.25980158073796,111.86928088842615,259246
112.13246069287804,112.56543266591385,112.59939887221788,111.76875542659573,153798
112.5739306946459,112.32772103903393,112.75220793764979,112.281033698256,107516
112.32772103903393,112.09000941215403,112.3786573941779,112.09000941215403,69840
112.06454123458205,112.31073793588192,112.34470414218596,111.91173216915016,64760
112.28526975830994,111.97115359871408,112.29376778704199,111.87776596284611,95065
111.97115359871408,112.23433340316596,112.26829960947,111.90748315478413,160799
112.24283143189803,112.58241576906586,112.59939887221788,112.18764606238803,350614
112.49751320761786,112.42959374932187,112.90502995739377,112.098494486574,272840
112.42959374932187,112.43809177805393,112.70975665692578,112.21735030001395,152766
112.41262360048194,112.45507488120595,112.56543266591385,112.29376778704199,127220
112.42959374932187,112.57816675469984,112.71825468565783,112.29376778704199,186505
112.57816675469984,112.4762940444119,112.88804685424175,112.45082586683992,275012
112.47204503004588,112.0305879825901,112.48477911883187,111.82682960770215,281150
112.03907305701007,112.36168724533798,112.36168724533798,111.83531468212212,593401
112.53996448834185,110.70617797728653,112.73522483449776,110.61534234090058,308057
110.70194191723259,110.51091763113062,110.85051492261054,110.2434888123127,291226
110.5363858087026,110.16283526523073,110.67222472529457,110.16283526523073,208249
110.16283526523073,110.29442516745668,110.41752999526265,109.91663856393086,264969
110.2986741818227,110.0185112742188,110.30292319618873,109.87418728320687,236229
110.0185112742188,109.96757491907483,110.31565728497472,109.96757491907483,292401
109.9505918159228,110.11189891008677,110.32414235939468,109.91663856393086,572682
110.03549437737081,110.27745501861675,111.13066487590237,110.02700930295084,220322
110.2562229010987,110.2562229010987,110.55573955096737,109.66194383389895,250640
110.26047191546472,109.8657022087869,110.32414235939468,109.85720418005484,178985
109.86145319442087,109.6704289083189,109.9505918159228,109.63647565632695,158247
109.66194383389895,109.83173600248286,109.98030900786082,109.58129028681697,160151
109.83598501684888,110.1034138356668,110.14586511639081,109.83598501684888,250478
110.1034138356668,110.38357674327071,110.4260280239947,110.04397945179078,518109
110.17981836838275,109.86993826884083,110.44724718720066,109.70439511462294,139029
109.85720418005484,109.64496073074692,109.91663856393086,109.52610491730697,160918
109.65345875947898,109.65345875947898,109.76381654418687,109.49215166531502,153902
109.78929767607094,109.28839329042707,110.10451495219458,109.20350368329115,180402
109.27142314158714,109.16105240256715,109.76381654418687,109.14406929941514,145352
109.1822715657731,108.96579205641125,109.48366659089506,108.96579205641125,129767
108.97427713083121,109.09313294427116,109.12708619626311,108.86390639181123,95712
109.09313294427116,109.38178092629504,109.55157309487895,109.03794757476116,166195
109.38178092629504,109.29689131915912,109.61100747875497,109.29689131915912,157111
109.30537639357908,109.61949255317494,109.62799058190699,109.30537639357908,301116
110.2562229010987,109.65345875947898,110.74014418359056,109.54308802045898,336147
109.65345875947898,109.16105240256715,109.91663856393086,109.16105240256715,254338
109.19076959450516,109.53035393167299,109.57705422676302,109.15256732814719,158197
109.50913476846704,109.32659555678504,109.56007112361101,109.31386146799905,115129
109.32659555678504,109.18652058013913,109.48025960681498,109.15256732814719,145217
109.18652058013913,108.94032387883927,109.24594200970306,108.90635767253522,160138
108.9572940276792,108.61770969051136,108.99126023398323,108.33754678290745,369150
108.2271825210435,108.04889232372753,108.91484274695519,107.55649244397175,242584
108.06163288966957,108.4139513156234,108.4988538770714,108.06163288966957,141596
108.43942597035142,107.87910015514362,108.4564025963474,107.7093079865597,164128
107.8706086035676,108.24415914703948,108.29509550218344,107.76873589327967,187944
108.24840168424946,107.83664887441961,108.27811887618748,107.79844660806164,162804
107.82816379999964,107.54375835518576,107.85363197757164,107.47158988252374,200398
107.53102426639977,107.55649244397175,107.82816379999964,107.48008143409976,289364
107.64988007983972,109.05068166354717,109.22047383213108,107.36971717223581,339873
109.0421965891272,108.91909176132121,109.35631274872306,108.71958240079928,269532
108.9572940276792,109.16147989486618,109.3223594967311,108.91060668690125,200658
109.16953747698712,109.14406929941514,109.29689131915912,109.13558422499517,165276
109.11860112184314,109.0846478698512,109.36446101102864,108.98276220525118,211049
109.0846478698512,109.26292511285509,109.45818545901098,109.0846478698512,245107
109.26292511285509,109.6704289083189,109.82325092806289,109.1950056545591,434689
109.44121531017106,110.0482284661568,110.29018910740274,109.0421965891272,149143
110.0482284661568,110.31565728497472,110.31565728497472,109.64072467069299,137799
110.3411254625467,110.4260280239947,110.68070979971453,110.30715925624267,146892
110.40904492084269,110.07794565809482,110.47696437913868,109.88692137199286,155926
110.02700930295084,110.21378457468678,110.38357674327071,109.89549712659746,124962
110.20953556032076,110.02700930295084,110.30292319618873,109.86993826884083,197672
110.0185112742188,109.9633259047088,110.03549437737081,109.70439511462294,381348
110.61279034141856,110.80806364188655,110.85899999703051,109.84447009126885,178556
110.80806364188655,111.27923788128032,111.29197197006631,110.51940270555059,160082
111.28136238846334,111.31744014763831,111.42781088665829,111.19434827414442,186470
111.33442325079032,111.38112354588036,111.47449822743623,111.2750018212264,108625
111.37687453151432,111.46176413865024,111.62307123281418,111.36837650278227,188509
111.42781088665829,111.49573034495427,111.53818162567828,111.32593817637036,264298
111.49573034495427,111.48724527053432,111.52119852252626,111.07549246070447,613877
111.23255054050239,109.72986329219492,111.78437832697814,109.28075024629305,605117
109.73834836661489,109.77655063297286,110.14586511639081,109.54308802045898,167554
109.73834836661489,109.8657022087869,109.8954194007249,109.56430718366494,157565
109.84023403121492,109.54308802045898,109.84871910563487,109.475168562163,121279
109.54308802045898,109.18652058013913,109.59402437560296,109.18652058013913,166325
109.1950056545591,109.37329585187507,109.44545137022499,109.16105240256715,187638
109.37329585187507,108.58374996136337,109.42083817725106,108.54129868063936,413648
107.52253271482375,108.83843821423925,109.55582210924499,107.18294190049988,466058
108.8469362429713,108.77051875594326,109.34782767430309,108.71109732637933,236818
108.75778466715727,108.90635767253522,109.01672841155522,108.38848313805141,231482
108.93607486447324,109.25868905280115,109.55157309487895,108.90635767253522,172073
109.23745693528309,109.16105240256715,109.29689131915912,109.11860112184314,155761
109.16530141693318,109.53883900609296,109.53883900609296,109.16105240256715,191285
109.55157309487895,109.44970038459103,109.69591004020297,109.40724910386702,436103
109.57705422676302,110.06944762936276,110.33264038812673,109.10161801869113,283233
110.09491580693475,109.73834836661489,110.12888201323878,109.41574713259907,198612
109.72986329219492,109.84023403121492,110.05247748052284,109.61100747875497,137547
109.84023403121492,109.98879408228079,110.1883034428027,109.84023403121492,118495
109.98455802222685,110.14161610202477,110.14161610202477,109.81476585364292,112264
110.13736708765875,110.02276028858482,110.17556935401672,109.95484083028883,233107
110.02276028858482,109.79778275049091,110.02276028858482,109.50063673973499,386982
107.50554961167174,108.8469362429713,109.46668348774304,107.50554961167174,198794
108.8469362429713,108.60072658735933,109.02946250034121,108.34603833448345,201488
108.62619476493131,108.88937456938321,109.0846478698512,108.53280712906336,137413
108.89787259811526,109.25868905280115,109.33084457115106,108.8469362429713,111336
109.26292511285509,108.7790167846753,109.3223594967311,108.7790167846753,96823
108.80448496224729,108.88088949496324,108.98276220525118,108.7948080911149,150028
108.88513850932927,108.94032387883927,109.12708619626311,108.88513850932927,314931
109.55157309487895,108.35452340890342,109.59402437560296,107.87910015514362,186305
108.29934451654948,108.42244286719941,108.57525840978735,108.29934451654948,131094
108.38848313805141,108.09134360445154,108.46489414792342,108.06587542687956,126715
108.09134360445154,108.16775461432353,108.48187077391938,108.01918160894557,255610
108.15926306274753,107.74751025291768,108.15926306274753,107.73477616413167,126413
107.74751025291768,108.23566759546347,108.36725749768941,107.72628461255567,225675
108.23566759546347,107.76024434170367,108.31207860533547,107.60742879911572,556196
107.68383333183166,107.67109924304567,108.57950094699734,107.32726589151181,193185
107.6753482574117,108.30782959096943,108.58374996136337,107.56497751839171,225632
108.30358705375946,108.14652897396154,108.32056367975542,108.04040724930756,131554
108.13379488517553,108.27811887618748,108.42244286719941,107.99795596858357,96152
108.26962732461146,108.23991660982949,108.34603833448345,108.13387908820414,97839
108.2526506986155,108.48187077391938,108.50309641428139,108.2526506986155,145295
108.50733895149136,109.1950056545591,109.24594200970306,108.43093441877542,390296
109.21198875771111,108.08710106724155,109.21198875771111,108.07436697845556,121593
108.1083202304475,107.77297843048966,108.2271825210435,107.7093079865597,126563
107.81967224842364,108.12530333359953,108.19322279189551,107.6753482574117,105389
108.12530333359953,107.87910015514362,108.18473124031951,107.87910015514362,123654
107.85787451478161,107.80269562242766,108.05314133809357,107.69232488340768,107645
107.82816379999964,107.52677525203374,107.89607678113958,107.28482108794385,133829
107.55649244397175,107.32726589151181,107.6456310654737,107.1362480825659,296666
106.94523027361997,107.03012635791194,107.0810627130559,105.91797275622837,238657
106.99616662876394,107.00041564312997,107.01314973191596,106.52923492658014,116168
106.97919000276796,106.877310815324,107.35698308344982,106.843351086176,146758
106.851842637752,107.14898217135189,107.31028926551583,106.809391357028,106111
107.12351399377991,107.48008143409976,107.57346906996773,107.08955426463191,108905
107.50554961167174,107.50130707446176,107.6753482574117,107.29330616236382,197943
